trial,language,algorithm,threads,workload,elapsed_ms,extra
1,c,monte_carlo,12,1000000,2.406935,pi=3.14070800
1,rust,monte_carlo,12,1000000,1.971855,pi=3.14070800
1,c,monte_carlo,12,5000000,5.085582,pi=3.14226720
1,rust,monte_carlo,12,5000000,5.718873,pi=3.14226720
1,c,monte_carlo,12,10000000,8.078903,pi=3.14186360
1,rust,monte_carlo,12,10000000,9.580588,pi=3.14186360
1,c,matrix_mul,12,128,0.920329,checksum=514186.528380
1,rust,matrix_mul,12,128,1.736992,checksum=514186.528380
1,c,matrix_mul,12,256,3.283713,checksum=4112169.731693
1,rust,matrix_mul,12,256,4.607250,checksum=4112169.731693
1,c,matrix_mul,12,512,19.935493,checksum=32893310.321050
1,rust,matrix_mul,12,512,23.896574,checksum=32893310.321050
1,c,dns_lookup,12,50,996.970581,resolved=50
1,rust,dns_lookup,12,50,967.473166,resolved=50
1,c,dns_lookup,12,200,4678.165907,resolved=200
1,rust,dns_lookup,12,200,4420.877885,resolved=200
1,c,dns_lookup,12,500,12006.906525,resolved=500
1,rust,dns_lookup,12,500,12031.995614,resolved=500
2,c,monte_carlo,12,1000000,1.014847,pi=3.14070800
2,rust,monte_carlo,12,1000000,1.928377,pi=3.14070800
2,c,monte_carlo,12,5000000,4.790591,pi=3.14226720
2,rust,monte_carlo,12,5000000,6.018853,pi=3.14226720
2,c,monte_carlo,12,10000000,6.710768,pi=3.14186360
2,rust,monte_carlo,12,10000000,9.203116,pi=3.14186360
2,c,matrix_mul,12,128,2.217940,checksum=514186.528380
2,rust,matrix_mul,12,128,1.758747,checksum=514186.528380
2,c,matrix_mul,12,256,3.124924,checksum=4112169.731693
2,rust,matrix_mul,12,256,3.912495,checksum=4112169.731693
2,c,matrix_mul,12,512,19.627829,checksum=32893310.321050
2,rust,matrix_mul,12,512,16.682590,checksum=32893310.321050
2,c,dns_lookup,12,50,1228.359621,resolved=50
2,rust,dns_lookup,12,50,2071.399593,resolved=50
2,c,dns_lookup,12,200,5488.878791,resolved=200
2,rust,dns_lookup,12,200,6102.137019,resolved=200
2,c,dns_lookup,12,500,11730.324177,resolved=500
2,rust,dns_lookup,12,500,12320.175230,resolved=500
3,c,monte_carlo,12,1000000,1.197662,pi=3.14070800
3,rust,monte_carlo,12,1000000,1.666277,pi=3.14070800
3,c,monte_carlo,12,5000000,4.347806,pi=3.14226720
3,rust,monte_carlo,12,5000000,5.873875,pi=3.14226720
3,c,monte_carlo,12,10000000,5.986618,pi=3.14186360
3,rust,monte_carlo,12,10000000,7.368294,pi=3.14186360
3,c,matrix_mul,12,128,0.760807,checksum=514186.528380
3,rust,matrix_mul,12,128,0.955076,checksum=514186.528380
3,c,matrix_mul,12,256,2.612596,checksum=4112169.731693
3,rust,matrix_mul,12,256,2.158578,checksum=4112169.731693
3,c,matrix_mul,12,512,14.751913,checksum=32893310.321050
3,rust,matrix_mul,12,512,16.307847,checksum=32893310.321050
3,c,dns_lookup,12,50,1319.251193,resolved=50
3,rust,dns_lookup,12,50,1581.787485,resolved=50
3,c,dns_lookup,12,200,5426.141963,resolved=200
3,rust,dns_lookup,12,200,4732.444594,resolved=200
3,c,dns_lookup,12,500,13585.918911,resolved=500
3,rust,dns_lookup,12,500,13839.082998,resolved=500
4,c,monte_carlo,12,1000000,1.092801,pi=3.14070800
4,rust,monte_carlo,12,1000000,1.319521,pi=3.14070800
4,c,monte_carlo,12,5000000,2.925120,pi=3.14226720
4,rust,monte_carlo,12,5000000,4.275559,pi=3.14226720
4,c,monte_carlo,12,10000000,6.191326,pi=3.14186360
4,rust,monte_carlo,12,10000000,8.049597,pi=3.14186360
4,c,matrix_mul,12,128,0.764050,checksum=514186.528380
4,rust,matrix_mul,12,128,1.097286,checksum=514186.528380
4,c,matrix_mul,12,256,2.217109,checksum=4112169.731693
4,rust,matrix_mul,12,256,2.800772,checksum=4112169.731693
4,c,matrix_mul,12,512,15.964373,checksum=32893310.321050
4,rust,matrix_mul,12,512,14.375972,checksum=32893310.321050
4,c,dns_lookup,12,50,1256.421685,resolved=50
4,rust,dns_lookup,12,50,1330.691029,resolved=50
4,c,dns_lookup,12,200,5176.460975,resolved=200
4,rust,dns_lookup,12,200,5068.631042,resolved=200
4,c,dns_lookup,12,500,11932.860880,resolved=500
4,rust,dns_lookup,12,500,11228.955046,resolved=500
5,c,monte_carlo,12,1000000,1.371346,pi=3.14070800
5,rust,monte_carlo,12,1000000,1.228484,pi=3.14070800
5,c,monte_carlo,12,5000000,3.534914,pi=3.14226720
5,rust,monte_carlo,12,5000000,4.838601,pi=3.14226720
5,c,monte_carlo,12,10000000,6.879584,pi=3.14186360
5,rust,monte_carlo,12,10000000,8.839116,pi=3.14186360
5,c,matrix_mul,12,128,0.770239,checksum=514186.528380
5,rust,matrix_mul,12,128,1.005767,checksum=514186.528380
5,c,matrix_mul,12,256,2.831723,checksum=4112169.731693
5,rust,matrix_mul,12,256,3.135827,checksum=4112169.731693
5,c,matrix_mul,12,512,15.431546,checksum=32893310.321050
5,rust,matrix_mul,12,512,16.720312,checksum=32893310.321050
5,c,dns_lookup,12,50,1391.172070,resolved=50
5,rust,dns_lookup,12,50,1543.432492,resolved=50
5,c,dns_lookup,12,200,6035.207561,resolved=200
5,rust,dns_lookup,12,200,5148.538268,resolved=200
5,c,dns_lookup,12,500,13335.889340,resolved=500
5,rust,dns_lookup,12,500,12106.599192,resolved=500
6,c,monte_carlo,12,1000000,1.004136,pi=3.14070800
6,rust,monte_carlo,12,1000000,1.310384,pi=3.14070800
6,c,monte_carlo,12,5000000,3.222750,pi=3.14226720
6,rust,monte_carlo,12,5000000,4.583280,pi=3.14226720
6,c,monte_carlo,12,10000000,6.224090,pi=3.14186360
6,rust,monte_carlo,12,10000000,9.561481,pi=3.14186360
6,c,matrix_mul,12,128,1.095248,checksum=514186.528380
6,rust,matrix_mul,12,128,0.915372,checksum=514186.528380
6,c,matrix_mul,12,256,2.430079,checksum=4112169.731693
6,rust,matrix_mul,12,256,2.870136,checksum=4112169.731693
6,c,matrix_mul,12,512,17.255652,checksum=32893310.321050
6,rust,matrix_mul,12,512,16.454547,checksum=32893310.321050
6,c,dns_lookup,12,50,1174.858137,resolved=50
6,rust,dns_lookup,12,50,1210.432200,resolved=50
6,c,dns_lookup,12,200,4979.272257,resolved=200
6,rust,dns_lookup,12,200,4763.293025,resolved=200
6,c,dns_lookup,12,500,10921.326516,resolved=500
6,rust,dns_lookup,12,500,10905.525729,resolved=500
7,c,monte_carlo,12,1000000,1.069731,pi=3.14070800
7,rust,monte_carlo,12,1000000,1.463198,pi=3.14070800
7,c,monte_carlo,12,5000000,3.558913,pi=3.14226720
7,rust,monte_carlo,12,5000000,6.621648,pi=3.14226720
7,c,monte_carlo,12,10000000,7.922921,pi=3.14186360
7,rust,monte_carlo,12,10000000,8.149931,pi=3.14186360
7,c,matrix_mul,12,128,0.754714,checksum=514186.528380
7,rust,matrix_mul,12,128,1.147450,checksum=514186.528380
7,c,matrix_mul,12,256,2.582156,checksum=4112169.731693
7,rust,matrix_mul,12,256,2.459830,checksum=4112169.731693
7,c,matrix_mul,12,512,14.980294,checksum=32893310.321050
7,rust,matrix_mul,12,512,16.809679,checksum=32893310.321050
7,c,dns_lookup,12,50,1349.194331,resolved=50
7,rust,dns_lookup,12,50,1518.575255,resolved=50
7,c,dns_lookup,12,200,4914.959063,resolved=200
7,rust,dns_lookup,12,200,5170.159327,resolved=200
7,c,dns_lookup,12,500,12499.530787,resolved=500
7,rust,dns_lookup,12,500,11670.870930,resolved=500
8,c,monte_carlo,12,1000000,0.958857,pi=3.14070800
8,rust,monte_carlo,12,1000000,1.409627,pi=3.14070800
8,c,monte_carlo,12,5000000,2.835609,pi=3.14226720
8,rust,monte_carlo,12,5000000,4.136441,pi=3.14226720
8,c,monte_carlo,12,10000000,6.264807,pi=3.14186360
8,rust,monte_carlo,12,10000000,7.951101,pi=3.14186360
8,c,matrix_mul,12,128,0.723858,checksum=514186.528380
8,rust,matrix_mul,12,128,0.852285,checksum=514186.528380
8,c,matrix_mul,12,256,2.127034,checksum=4112169.731693
8,rust,matrix_mul,12,256,2.264928,checksum=4112169.731693
8,c,matrix_mul,12,512,14.020279,checksum=32893310.321050
8,rust,matrix_mul,12,512,15.306872,checksum=32893310.321050
8,c,dns_lookup,12,50,1213.608951,resolved=50
8,rust,dns_lookup,12,50,1712.224688,resolved=50
8,c,dns_lookup,12,200,4793.271256,resolved=200
8,rust,dns_lookup,12,200,6123.258823,resolved=200
8,c,dns_lookup,12,500,10981.908134,resolved=500
8,rust,dns_lookup,12,500,13052.897273,resolved=500
9,c,monte_carlo,12,1000000,1.307483,pi=3.14070800
9,rust,monte_carlo,12,1000000,1.345039,pi=3.14070800
9,c,monte_carlo,12,5000000,3.422426,pi=3.14226720
9,rust,monte_carlo,12,5000000,3.620607,pi=3.14226720
9,c,monte_carlo,12,10000000,6.655144,pi=3.14186360
9,rust,monte_carlo,12,10000000,10.338072,pi=3.14186360
9,c,matrix_mul,12,128,0.784436,checksum=514186.528380
9,rust,matrix_mul,12,128,1.090430,checksum=514186.528380
9,c,matrix_mul,12,256,3.542250,checksum=4112169.731693
9,rust,matrix_mul,12,256,3.450803,checksum=4112169.731693
9,c,matrix_mul,12,512,18.743030,checksum=32893310.321050
9,rust,matrix_mul,12,512,19.269846,checksum=32893310.321050
9,c,dns_lookup,12,50,1497.593916,resolved=50
9,rust,dns_lookup,12,50,1332.084983,resolved=50
9,c,dns_lookup,12,200,4005.839447,resolved=200
9,rust,dns_lookup,12,200,4377.911978,resolved=200
9,c,dns_lookup,12,500,9581.159689,resolved=500
9,rust,dns_lookup,12,500,9440.871990,resolved=500
10,c,monte_carlo,12,1000000,1.112213,pi=3.14070800
10,rust,monte_carlo,12,1000000,1.184653,pi=3.14070800
10,c,monte_carlo,12,5000000,3.310670,pi=3.14226720
10,rust,monte_carlo,12,5000000,5.162843,pi=3.14226720
10,c,monte_carlo,12,10000000,6.613379,pi=3.14186360
10,rust,monte_carlo,12,10000000,8.174747,pi=3.14186360
10,c,matrix_mul,12,128,0.800156,checksum=514186.528380
10,rust,matrix_mul,12,128,0.900479,checksum=514186.528380
10,c,matrix_mul,12,256,3.194950,checksum=4112169.731693
10,rust,matrix_mul,12,256,3.544838,checksum=4112169.731693
10,c,matrix_mul,12,512,18.965081,checksum=32893310.321050
10,rust,matrix_mul,12,512,23.314415,checksum=32893310.321050
10,c,dns_lookup,12,50,1309.426451,resolved=50
10,rust,dns_lookup,12,50,1726.182139,resolved=50
10,c,dns_lookup,12,200,7095.572239,resolved=200
10,rust,dns_lookup,12,200,4192.801015,resolved=200
10,c,dns_lookup,12,500,9313.994239,resolved=500
10,rust,dns_lookup,12,500,10893.974686,resolved=500
11,c,monte_carlo,12,1000000,0.981848,pi=3.14070800
11,rust,monte_carlo,12,1000000,1.494054,pi=3.14070800
11,c,monte_carlo,12,5000000,4.441637,pi=3.14226720
11,rust,monte_carlo,12,5000000,4.096012,pi=3.14226720
11,c,monte_carlo,12,10000000,7.245394,pi=3.14186360
11,rust,monte_carlo,12,10000000,10.348282,pi=3.14186360
11,c,matrix_mul,12,128,0.717255,checksum=514186.528380
11,rust,matrix_mul,12,128,1.165939,checksum=514186.528380
11,c,matrix_mul,12,256,3.020541,checksum=4112169.731693
11,rust,matrix_mul,12,256,2.255434,checksum=4112169.731693
11,c,matrix_mul,12,512,17.354836,checksum=32893310.321050
11,rust,matrix_mul,12,512,21.196339,checksum=32893310.321050
11,c,dns_lookup,12,50,1191.052330,resolved=50
11,rust,dns_lookup,12,50,1371.072412,resolved=50
11,c,dns_lookup,12,200,4333.866114,resolved=200
11,rust,dns_lookup,12,200,4247.713590,resolved=200
11,c,dns_lookup,12,500,9511.891932,resolved=500
11,rust,dns_lookup,12,500,9967.205044,resolved=500
12,c,monte_carlo,12,1000000,0.987101,pi=3.14070800
12,rust,monte_carlo,12,1000000,1.550591,pi=3.14070800
12,c,monte_carlo,12,5000000,3.019434,pi=3.14226720
12,rust,monte_carlo,12,5000000,4.744743,pi=3.14226720
12,c,monte_carlo,12,10000000,6.068828,pi=3.14186360
12,rust,monte_carlo,12,10000000,9.842354,pi=3.14186360
12,c,matrix_mul,12,128,0.760536,checksum=514186.528380
12,rust,matrix_mul,12,128,0.958423,checksum=514186.528380
12,c,matrix_mul,12,256,2.086346,checksum=4112169.731693
12,rust,matrix_mul,12,256,3.469142,checksum=4112169.731693
12,c,matrix_mul,12,512,18.208926,checksum=32893310.321050
12,rust,matrix_mul,12,512,18.660416,checksum=32893310.321050
12,c,dns_lookup,12,50,1051.335688,resolved=50
12,rust,dns_lookup,12,50,1351.584808,resolved=50
12,c,dns_lookup,12,200,4537.060951,resolved=200
12,rust,dns_lookup,12,200,4238.723644,resolved=200
12,c,dns_lookup,12,500,10444.098367,resolved=500
12,rust,dns_lookup,12,500,9433.170269,resolved=500
13,c,monte_carlo,12,1000000,1.161670,pi=3.14070800
13,rust,monte_carlo,12,1000000,1.550059,pi=3.14070800
13,c,monte_carlo,12,5000000,4.509274,pi=3.14226720
13,rust,monte_carlo,12,5000000,5.763713,pi=3.14226720
13,c,monte_carlo,12,10000000,6.462624,pi=3.14186360
13,rust,monte_carlo,12,10000000,8.953765,pi=3.14186360
13,c,matrix_mul,12,128,0.667272,checksum=514186.528380
13,rust,matrix_mul,12,128,0.690715,checksum=514186.528380
13,c,matrix_mul,12,256,3.364894,checksum=4112169.731693
13,rust,matrix_mul,12,256,3.453474,checksum=4112169.731693
13,c,matrix_mul,12,512,19.062677,checksum=32893310.321050
13,rust,matrix_mul,12,512,15.615610,checksum=32893310.321050
13,c,dns_lookup,12,50,1293.311750,resolved=50
13,rust,dns_lookup,12,50,1355.874865,resolved=50
13,c,dns_lookup,12,200,4695.779981,resolved=200
13,rust,dns_lookup,12,200,4519.500675,resolved=200
13,c,dns_lookup,12,500,10143.518869,resolved=500
13,rust,dns_lookup,12,500,9620.203975,resolved=500
14,c,monte_carlo,12,1000000,1.027268,pi=3.14070800
14,rust,monte_carlo,12,1000000,1.436572,pi=3.14070800
14,c,monte_carlo,12,5000000,3.047707,pi=3.14226720
14,rust,monte_carlo,12,5000000,4.333983,pi=3.14226720
14,c,monte_carlo,12,10000000,6.378290,pi=3.14186360
14,rust,monte_carlo,12,10000000,8.587653,pi=3.14186360
14,c,matrix_mul,12,128,0.864126,checksum=514186.528380
14,rust,matrix_mul,12,128,0.929148,checksum=514186.528380
14,c,matrix_mul,12,256,2.082806,checksum=4112169.731693
14,rust,matrix_mul,12,256,2.758730,checksum=4112169.731693
14,c,matrix_mul,12,512,17.067338,checksum=32893310.321050
14,rust,matrix_mul,12,512,14.284131,checksum=32893310.321050
14,c,dns_lookup,12,50,1321.427733,resolved=50
14,rust,dns_lookup,12,50,1308.038989,resolved=50
14,c,dns_lookup,12,200,4774.308106,resolved=200
14,rust,dns_lookup,12,200,4678.763188,resolved=200
14,c,dns_lookup,12,500,9581.398288,resolved=500
14,rust,dns_lookup,12,500,10173.806569,resolved=500
15,c,monte_carlo,12,1000000,1.335235,pi=3.14070800
15,rust,monte_carlo,12,1000000,1.648884,pi=3.14070800
15,c,monte_carlo,12,5000000,4.712497,pi=3.14226720
15,rust,monte_carlo,12,5000000,6.229080,pi=3.14226720
15,c,monte_carlo,12,10000000,9.326451,pi=3.14186360
15,rust,monte_carlo,12,10000000,10.856839,pi=3.14186360
15,c,matrix_mul,12,128,0.801087,checksum=514186.528380
15,rust,matrix_mul,12,128,0.727394,checksum=514186.528380
15,c,matrix_mul,12,256,3.810266,checksum=4112169.731693
15,rust,matrix_mul,12,256,3.850829,checksum=4112169.731693
15,c,matrix_mul,12,512,21.911468,checksum=32893310.321050
15,rust,matrix_mul,12,512,24.542476,checksum=32893310.321050
15,c,dns_lookup,12,50,1342.434372,resolved=50
15,rust,dns_lookup,12,50,1011.314916,resolved=50
15,c,dns_lookup,12,200,4182.051108,resolved=200
15,rust,dns_lookup,12,200,4181.023002,resolved=200
15,c,dns_lookup,12,500,10273.128480,resolved=500
15,rust,dns_lookup,12,500,9960.958497,resolved=500
16,c,monte_carlo,12,1000000,1.038684,pi=3.14070800
16,rust,monte_carlo,12,1000000,1.760975,pi=3.14070800
16,c,monte_carlo,12,5000000,4.386384,pi=3.14226720
16,rust,monte_carlo,12,5000000,4.067396,pi=3.14226720
16,c,monte_carlo,12,10000000,6.472074,pi=3.14186360
16,rust,monte_carlo,12,10000000,8.691773,pi=3.14186360
16,c,matrix_mul,12,128,0.673919,checksum=514186.528380
16,rust,matrix_mul,12,128,0.711654,checksum=514186.528380
16,c,matrix_mul,12,256,2.562804,checksum=4112169.731693
16,rust,matrix_mul,12,256,2.218050,checksum=4112169.731693
16,c,matrix_mul,12,512,14.697251,checksum=32893310.321050
16,rust,matrix_mul,12,512,18.190716,checksum=32893310.321050
16,c,dns_lookup,12,50,1497.632266,resolved=50
16,rust,dns_lookup,12,50,1305.975416,resolved=50
16,c,dns_lookup,12,200,4273.328645,resolved=200
16,rust,dns_lookup,12,200,4500.266228,resolved=200
16,c,dns_lookup,12,500,9806.558411,resolved=500
16,rust,dns_lookup,12,500,9988.092829,resolved=500
17,c,monte_carlo,12,1000000,0.980554,pi=3.14070800
17,rust,monte_carlo,12,1000000,1.202955,pi=3.14070800
17,c,monte_carlo,12,5000000,3.227563,pi=3.14226720
17,rust,monte_carlo,12,5000000,3.761832,pi=3.14226720
17,c,monte_carlo,12,10000000,7.905538,pi=3.14186360
17,rust,monte_carlo,12,10000000,8.391560,pi=3.14186360
17,c,matrix_mul,12,128,0.806792,checksum=514186.528380
17,rust,matrix_mul,12,128,0.913111,checksum=514186.528380
17,c,matrix_mul,12,256,3.322955,checksum=4112169.731693
17,rust,matrix_mul,12,256,3.174627,checksum=4112169.731693
17,c,matrix_mul,12,512,16.088949,checksum=32893310.321050
17,rust,matrix_mul,12,512,15.875639,checksum=32893310.321050
17,c,dns_lookup,12,50,1490.068512,resolved=50
17,rust,dns_lookup,12,50,971.387389,resolved=50
17,c,dns_lookup,12,200,3801.843749,resolved=200
17,rust,dns_lookup,12,200,4001.284228,resolved=200
17,c,dns_lookup,12,500,9739.952164,resolved=500
17,rust,dns_lookup,12,500,10125.129368,resolved=500
18,c,monte_carlo,12,1000000,0.933585,pi=3.14070800
18,rust,monte_carlo,12,1000000,1.204399,pi=3.14070800
18,c,monte_carlo,12,5000000,3.482836,pi=3.14226720
18,rust,monte_carlo,12,5000000,3.860736,pi=3.14226720
18,c,monte_carlo,12,10000000,5.644888,pi=3.14186360
18,rust,monte_carlo,12,10000000,7.521716,pi=3.14186360
18,c,matrix_mul,12,128,0.767851,checksum=514186.528380
18,rust,matrix_mul,12,128,1.058618,checksum=514186.528380
18,c,matrix_mul,12,256,2.003632,checksum=4112169.731693
18,rust,matrix_mul,12,256,3.453188,checksum=4112169.731693
18,c,matrix_mul,12,512,15.007151,checksum=32893310.321050
18,rust,matrix_mul,12,512,14.270370,checksum=32893310.321050
18,c,dns_lookup,12,50,1292.482084,resolved=50
18,rust,dns_lookup,12,50,1512.787477,resolved=50
18,c,dns_lookup,12,200,4332.491537,resolved=200
18,rust,dns_lookup,12,200,3894.229199,resolved=200
18,c,dns_lookup,12,500,9378.720809,resolved=500
18,rust,dns_lookup,12,500,11166.644920,resolved=500
19,c,monte_carlo,12,1000000,1.018724,pi=3.14070800
19,rust,monte_carlo,12,1000000,1.379672,pi=3.14070800
19,c,monte_carlo,12,5000000,4.267543,pi=3.14226720
19,rust,monte_carlo,12,5000000,3.964158,pi=3.14226720
19,c,monte_carlo,12,10000000,6.470184,pi=3.14186360
19,rust,monte_carlo,12,10000000,10.066835,pi=3.14186360
19,c,matrix_mul,12,128,0.687913,checksum=514186.528380
19,rust,matrix_mul,12,128,1.258868,checksum=514186.528380
19,c,matrix_mul,12,256,1.991593,checksum=4112169.731693
19,rust,matrix_mul,12,256,3.302576,checksum=4112169.731693
19,c,matrix_mul,12,512,18.651704,checksum=32893310.321050
19,rust,matrix_mul,12,512,21.053616,checksum=32893310.321050
19,c,dns_lookup,12,50,1865.354407,resolved=50
19,rust,dns_lookup,12,50,1293.207747,resolved=50
19,c,dns_lookup,12,200,4496.274069,resolved=200
19,rust,dns_lookup,12,200,4447.812171,resolved=200
19,c,dns_lookup,12,500,10039.831921,resolved=500
19,rust,dns_lookup,12,500,9547.196209,resolved=500
20,c,monte_carlo,12,1000000,0.970814,pi=3.14070800
20,rust,monte_carlo,12,1000000,1.507523,pi=3.14070800
20,c,monte_carlo,12,5000000,2.781262,pi=3.14226720
20,rust,monte_carlo,12,5000000,5.298761,pi=3.14226720
20,c,monte_carlo,12,10000000,5.860022,pi=3.14186360
20,rust,monte_carlo,12,10000000,7.473186,pi=3.14186360
20,c,matrix_mul,12,128,0.763074,checksum=514186.528380
20,rust,matrix_mul,12,128,0.927179,checksum=514186.528380
20,c,matrix_mul,12,256,2.051048,checksum=4112169.731693
20,rust,matrix_mul,12,256,2.816410,checksum=4112169.731693
20,c,matrix_mul,12,512,13.783213,checksum=32893310.321050
20,rust,matrix_mul,12,512,13.999518,checksum=32893310.321050
20,c,dns_lookup,12,50,1117.585920,resolved=50
20,rust,dns_lookup,12,50,1407.000255,resolved=50
20,c,dns_lookup,12,200,3960.399651,resolved=200
20,rust,dns_lookup,12,200,4146.322106,resolved=200
20,c,dns_lookup,12,500,9858.622975,resolved=500
20,rust,dns_lookup,12,500,10453.797651,resolved=500
21,c,monte_carlo,12,1000000,1.003081,pi=3.14070800
21,rust,monte_carlo,12,1000000,1.673365,pi=3.14070800
21,c,monte_carlo,12,5000000,2.994401,pi=3.14226720
21,rust,monte_carlo,12,5000000,4.046072,pi=3.14226720
21,c,monte_carlo,12,10000000,7.512928,pi=3.14186360
21,rust,monte_carlo,12,10000000,7.929173,pi=3.14186360
21,c,matrix_mul,12,128,0.721047,checksum=514186.528380
21,rust,matrix_mul,12,128,0.963304,checksum=514186.528380
21,c,matrix_mul,12,256,2.348915,checksum=4112169.731693
21,rust,matrix_mul,12,256,2.951568,checksum=4112169.731693
21,c,matrix_mul,12,512,15.839323,checksum=32893310.321050
21,rust,matrix_mul,12,512,20.230660,checksum=32893310.321050
21,c,dns_lookup,12,50,996.849305,resolved=50
21,rust,dns_lookup,12,50,1464.363107,resolved=50
21,c,dns_lookup,12,200,4372.800467,resolved=200
21,rust,dns_lookup,12,200,4817.059676,resolved=200
21,c,dns_lookup,12,500,9194.786234,resolved=500
21,rust,dns_lookup,12,500,10379.707992,resolved=500
22,c,monte_carlo,12,1000000,0.931654,pi=3.14070800
22,rust,monte_carlo,12,1000000,1.418799,pi=3.14070800
22,c,monte_carlo,12,5000000,2.834999,pi=3.14226720
22,rust,monte_carlo,12,5000000,4.265851,pi=3.14226720
22,c,monte_carlo,12,10000000,5.509448,pi=3.14186360
22,rust,monte_carlo,12,10000000,8.025828,pi=3.14186360
22,c,matrix_mul,12,128,0.712329,checksum=514186.528380
22,rust,matrix_mul,12,128,1.080285,checksum=514186.528380
22,c,matrix_mul,12,256,2.002423,checksum=4112169.731693
22,rust,matrix_mul,12,256,2.483822,checksum=4112169.731693
22,c,matrix_mul,12,512,15.444461,checksum=32893310.321050
22,rust,matrix_mul,12,512,18.449628,checksum=32893310.321050
22,c,dns_lookup,12,50,1315.429721,resolved=50
22,rust,dns_lookup,12,50,1619.198012,resolved=50
22,c,dns_lookup,12,200,4223.522047,resolved=200
22,rust,dns_lookup,12,200,4157.251543,resolved=200
22,c,dns_lookup,12,500,10482.563491,resolved=500
22,rust,dns_lookup,12,500,10370.876592,resolved=500
23,c,monte_carlo,12,1000000,1.027328,pi=3.14070800
23,rust,monte_carlo,12,1000000,1.256464,pi=3.14070800
23,c,monte_carlo,12,5000000,2.936397,pi=3.14226720
23,rust,monte_carlo,12,5000000,5.505088,pi=3.14226720
23,c,monte_carlo,12,10000000,6.495917,pi=3.14186360
23,rust,monte_carlo,12,10000000,8.891970,pi=3.14186360
23,c,matrix_mul,12,128,0.731007,checksum=514186.528380
23,rust,matrix_mul,12,128,0.717926,checksum=514186.528380
23,c,matrix_mul,12,256,1.967808,checksum=4112169.731693
23,rust,matrix_mul,12,256,2.250852,checksum=4112169.731693
23,c,matrix_mul,12,512,15.176481,checksum=32893310.321050
23,rust,matrix_mul,12,512,20.439256,checksum=32893310.321050
23,c,dns_lookup,12,50,1314.040270,resolved=50
23,rust,dns_lookup,12,50,1269.495107,resolved=50
23,c,dns_lookup,12,200,4277.826026,resolved=200
23,rust,dns_lookup,12,200,4185.017229,resolved=200
23,c,dns_lookup,12,500,9639.348253,resolved=500
23,rust,dns_lookup,12,500,9823.558481,resolved=500
24,c,monte_carlo,12,1000000,0.951779,pi=3.14070800
24,rust,monte_carlo,12,1000000,1.150543,pi=3.14070800
24,c,monte_carlo,12,5000000,3.537137,pi=3.14226720
24,rust,monte_carlo,12,5000000,4.070238,pi=3.14226720
24,c,monte_carlo,12,10000000,6.447099,pi=3.14186360
24,rust,monte_carlo,12,10000000,9.707078,pi=3.14186360
24,c,matrix_mul,12,128,0.659660,checksum=514186.528380
24,rust,matrix_mul,12,128,1.020737,checksum=514186.528380
24,c,matrix_mul,12,256,2.019387,checksum=4112169.731693
24,rust,matrix_mul,12,256,3.084957,checksum=4112169.731693
24,c,matrix_mul,12,512,15.013132,checksum=32893310.321050
24,rust,matrix_mul,12,512,18.959585,checksum=32893310.321050
24,c,dns_lookup,12,50,1113.310849,resolved=50
24,rust,dns_lookup,12,50,1483.758027,resolved=50
24,c,dns_lookup,12,200,4552.498377,resolved=200
24,rust,dns_lookup,12,200,4046.659949,resolved=200
24,c,dns_lookup,12,500,10627.074529,resolved=500
24,rust,dns_lookup,12,500,9696.221580,resolved=500
25,c,monte_carlo,12,1000000,1.141218,pi=3.14070800
25,rust,monte_carlo,12,1000000,1.591018,pi=3.14070800
25,c,monte_carlo,12,5000000,3.849838,pi=3.14226720
25,rust,monte_carlo,12,5000000,4.125367,pi=3.14226720
25,c,monte_carlo,12,10000000,7.363124,pi=3.14186360
25,rust,monte_carlo,12,10000000,8.575837,pi=3.14186360
25,c,matrix_mul,12,128,0.683046,checksum=514186.528380
25,rust,matrix_mul,12,128,0.890139,checksum=514186.528380
25,c,matrix_mul,12,256,2.494212,checksum=4112169.731693
25,rust,matrix_mul,12,256,2.559051,checksum=4112169.731693
25,c,matrix_mul,12,512,15.231074,checksum=32893310.321050
25,rust,matrix_mul,12,512,15.252617,checksum=32893310.321050
25,c,dns_lookup,12,50,1315.564312,resolved=50
25,rust,dns_lookup,12,50,1356.253480,resolved=50
25,c,dns_lookup,12,200,3960.912429,resolved=200
25,rust,dns_lookup,12,200,4282.713294,resolved=200
25,c,dns_lookup,12,500,10081.992466,resolved=500
25,rust,dns_lookup,12,500,11024.447500,resolved=500
26,c,monte_carlo,12,1000000,1.015824,pi=3.14070800
26,rust,monte_carlo,12,1000000,1.557333,pi=3.14070800
26,c,monte_carlo,12,5000000,2.775612,pi=3.14226720
26,rust,monte_carlo,12,5000000,4.112045,pi=3.14226720
26,c,monte_carlo,12,10000000,6.211142,pi=3.14186360
26,rust,monte_carlo,12,10000000,9.087426,pi=3.14186360
26,c,matrix_mul,12,128,0.693577,checksum=514186.528380
26,rust,matrix_mul,12,128,0.865696,checksum=514186.528380
26,c,matrix_mul,12,256,3.071436,checksum=4112169.731693
26,rust,matrix_mul,12,256,2.653579,checksum=4112169.731693
26,c,matrix_mul,12,512,13.362784,checksum=32893310.321050
26,rust,matrix_mul,12,512,13.222656,checksum=32893310.321050
26,c,dns_lookup,12,50,1219.094159,resolved=50
26,rust,dns_lookup,12,50,1335.214385,resolved=50
26,c,dns_lookup,12,200,3995.908366,resolved=200
26,rust,dns_lookup,12,200,4159.229882,resolved=200
26,c,dns_lookup,12,500,10088.608612,resolved=500
26,rust,dns_lookup,12,500,10835.926973,resolved=500
27,c,monte_carlo,12,1000000,0.929931,pi=3.14070800
27,rust,monte_carlo,12,1000000,1.280475,pi=3.14070800
27,c,monte_carlo,12,5000000,2.769071,pi=3.14226720
27,rust,monte_carlo,12,5000000,3.811749,pi=3.14226720
27,c,monte_carlo,12,10000000,5.119104,pi=3.14186360
27,rust,monte_carlo,12,10000000,7.983585,pi=3.14186360
27,c,matrix_mul,12,128,0.729322,checksum=514186.528380
27,rust,matrix_mul,12,128,1.040321,checksum=514186.528380
27,c,matrix_mul,12,256,2.007955,checksum=4112169.731693
27,rust,matrix_mul,12,256,2.044842,checksum=4112169.731693
27,c,matrix_mul,12,512,13.362117,checksum=32893310.321050
27,rust,matrix_mul,12,512,14.727846,checksum=32893310.321050
27,c,dns_lookup,12,50,1141.640184,resolved=50
27,rust,dns_lookup,12,50,1541.085725,resolved=50
27,c,dns_lookup,12,200,4647.061024,resolved=200
27,rust,dns_lookup,12,200,4096.192761,resolved=200
27,c,dns_lookup,12,500,9680.227045,resolved=500
27,rust,dns_lookup,12,500,10123.137634,resolved=500
28,c,monte_carlo,12,1000000,1.003192,pi=3.14070800
28,rust,monte_carlo,12,1000000,1.505809,pi=3.14070800
28,c,monte_carlo,12,5000000,2.803325,pi=3.14226720
28,rust,monte_carlo,12,5000000,3.577308,pi=3.14226720
28,c,monte_carlo,12,10000000,5.121700,pi=3.14186360
28,rust,monte_carlo,12,10000000,6.816130,pi=3.14186360
28,c,matrix_mul,12,128,0.781854,checksum=514186.528380
28,rust,matrix_mul,12,128,0.925809,checksum=514186.528380
28,c,matrix_mul,12,256,1.997493,checksum=4112169.731693
28,rust,matrix_mul,12,256,2.140912,checksum=4112169.731693
28,c,matrix_mul,12,512,13.415862,checksum=32893310.321050
28,rust,matrix_mul,12,512,14.694717,checksum=32893310.321050
28,c,dns_lookup,12,50,1447.872867,resolved=50
28,rust,dns_lookup,12,50,1204.760013,resolved=50
28,c,dns_lookup,12,200,4262.393289,resolved=200
28,rust,dns_lookup,12,200,4369.971804,resolved=200
28,c,dns_lookup,12,500,10078.045093,resolved=500
28,rust,dns_lookup,12,500,10540.817661,resolved=500
29,c,monte_carlo,12,1000000,0.930660,pi=3.14070800
29,rust,monte_carlo,12,1000000,1.694261,pi=3.14070800
29,c,monte_carlo,12,5000000,2.777002,pi=3.14226720
29,rust,monte_carlo,12,5000000,3.721225,pi=3.14226720
29,c,monte_carlo,12,10000000,5.164335,pi=3.14186360
29,rust,monte_carlo,12,10000000,6.873658,pi=3.14186360
29,c,matrix_mul,12,128,0.679067,checksum=514186.528380
29,rust,matrix_mul,12,128,0.910015,checksum=514186.528380
29,c,matrix_mul,12,256,1.966683,checksum=4112169.731693
29,rust,matrix_mul,12,256,2.149562,checksum=4112169.731693
29,c,matrix_mul,12,512,13.315306,checksum=32893310.321050
29,rust,matrix_mul,12,512,13.143327,checksum=32893310.321050
29,c,dns_lookup,12,50,1474.682649,resolved=50
29,rust,dns_lookup,12,50,1299.442519,resolved=50
29,c,dns_lookup,12,200,3911.491866,resolved=200
29,rust,dns_lookup,12,200,4380.555646,resolved=200
29,c,dns_lookup,12,500,9676.483917,resolved=500
29,rust,dns_lookup,12,500,9905.886197,resolved=500
30,c,monte_carlo,12,1000000,1.076573,pi=3.14070800
30,rust,monte_carlo,12,1000000,1.364603,pi=3.14070800
30,c,monte_carlo,12,5000000,4.478684,pi=3.14226720
30,rust,monte_carlo,12,5000000,5.940647,pi=3.14226720
30,c,monte_carlo,12,10000000,8.116828,pi=3.14186360
30,rust,monte_carlo,12,10000000,9.759486,pi=3.14186360
30,c,matrix_mul,12,128,0.887497,checksum=514186.528380
30,rust,matrix_mul,12,128,1.296480,checksum=514186.528380
30,c,matrix_mul,12,256,3.301212,checksum=4112169.731693
30,rust,matrix_mul,12,256,3.232153,checksum=4112169.731693
30,c,matrix_mul,12,512,19.702346,checksum=32893310.321050
30,rust,matrix_mul,12,512,22.752426,checksum=32893310.321050
30,c,dns_lookup,12,50,1215.365265,resolved=50
30,rust,dns_lookup,12,50,1169.352866,resolved=50
30,c,dns_lookup,12,200,3982.940970,resolved=200
30,rust,dns_lookup,12,200,4298.542895,resolved=200
30,c,dns_lookup,12,500,10233.027459,resolved=500
30,rust,dns_lookup,12,500,9665.600333,resolved=500
31,c,monte_carlo,12,1000000,0.912759,pi=3.14070800
31,rust,monte_carlo,12,1000000,1.495427,pi=3.14070800
31,c,monte_carlo,12,5000000,2.762271,pi=3.14226720
31,rust,monte_carlo,12,5000000,3.662094,pi=3.14226720
31,c,monte_carlo,12,10000000,5.191749,pi=3.14186360
31,rust,monte_carlo,12,10000000,7.078388,pi=3.14186360
31,c,matrix_mul,12,128,0.660591,checksum=514186.528380
31,rust,matrix_mul,12,128,0.663560,checksum=514186.528380
31,c,matrix_mul,12,256,2.173676,checksum=4112169.731693
31,rust,matrix_mul,12,256,2.607933,checksum=4112169.731693
31,c,matrix_mul,12,512,13.122202,checksum=32893310.321050
31,rust,matrix_mul,12,512,13.029315,checksum=32893310.321050
31,c,dns_lookup,12,50,1039.429355,resolved=50
31,rust,dns_lookup,12,50,1259.460017,resolved=50
31,c,dns_lookup,12,200,4327.591771,resolved=200
31,rust,dns_lookup,12,200,4155.240217,resolved=200
31,c,dns_lookup,12,500,9808.845513,resolved=500
31,rust,dns_lookup,12,500,9757.002539,resolved=500
32,c,monte_carlo,12,1000000,1.041863,pi=3.14070800
32,rust,monte_carlo,12,1000000,1.222554,pi=3.14070800
32,c,monte_carlo,12,5000000,2.729532,pi=3.14226720
32,rust,monte_carlo,12,5000000,3.856892,pi=3.14226720
32,c,monte_carlo,12,10000000,5.425872,pi=3.14186360
32,rust,monte_carlo,12,10000000,6.932620,pi=3.14186360
32,c,matrix_mul,12,128,0.656254,checksum=514186.528380
32,rust,matrix_mul,12,128,0.870525,checksum=514186.528380
32,c,matrix_mul,12,256,2.042233,checksum=4112169.731693
32,rust,matrix_mul,12,256,2.180849,checksum=4112169.731693
32,c,matrix_mul,12,512,13.233901,checksum=32893310.321050
32,rust,matrix_mul,12,512,14.537126,checksum=32893310.321050
32,c,dns_lookup,12,50,1190.274646,resolved=50
32,rust,dns_lookup,12,50,1303.430454,resolved=50
32,c,dns_lookup,12,200,4157.413620,resolved=200
32,rust,dns_lookup,12,200,4841.889243,resolved=200
32,c,dns_lookup,12,500,8930.407855,resolved=500
32,rust,dns_lookup,12,500,9635.442709,resolved=500
33,c,monte_carlo,12,1000000,0.954803,pi=3.14070800
33,rust,monte_carlo,12,1000000,1.461868,pi=3.14070800
33,c,monte_carlo,12,5000000,3.608347,pi=3.14226720
33,rust,monte_carlo,12,5000000,3.705423,pi=3.14226720
33,c,monte_carlo,12,10000000,6.636191,pi=3.14186360
33,rust,monte_carlo,12,10000000,7.656778,pi=3.14186360
33,c,matrix_mul,12,128,0.721166,checksum=514186.528380
33,rust,matrix_mul,12,128,0.965334,checksum=514186.528380
33,c,matrix_mul,12,256,2.068379,checksum=4112169.731693
33,rust,matrix_mul,12,256,2.107286,checksum=4112169.731693
33,c,matrix_mul,12,512,13.064624,checksum=32893310.321050
33,rust,matrix_mul,12,512,13.050549,checksum=32893310.321050
33,c,dns_lookup,12,50,1089.310235,resolved=50
33,rust,dns_lookup,12,50,1323.347465,resolved=50
33,c,dns_lookup,12,200,3968.925423,resolved=200
33,rust,dns_lookup,12,200,4063.959859,resolved=200
33,c,dns_lookup,12,500,9262.268495,resolved=500
33,rust,dns_lookup,12,500,10405.076365,resolved=500
34,c,monte_carlo,12,1000000,0.944207,pi=3.14070800
34,rust,monte_carlo,12,1000000,1.139218,pi=3.14070800
34,c,monte_carlo,12,5000000,2.878561,pi=3.14226720
34,rust,monte_carlo,12,5000000,3.689688,pi=3.14226720
34,c,monte_carlo,12,10000000,5.206616,pi=3.14186360
34,rust,monte_carlo,12,10000000,7.355405,pi=3.14186360
34,c,matrix_mul,12,128,0.695883,checksum=514186.528380
34,rust,matrix_mul,12,128,1.101636,checksum=514186.528380
34,c,matrix_mul,12,256,1.966434,checksum=4112169.731693
34,rust,matrix_mul,12,256,2.492892,checksum=4112169.731693
34,c,matrix_mul,12,512,14.310093,checksum=32893310.321050
34,rust,matrix_mul,12,512,13.950468,checksum=32893310.321050
34,c,dns_lookup,12,50,1214.629779,resolved=50
34,rust,dns_lookup,12,50,1220.385352,resolved=50
34,c,dns_lookup,12,200,4157.243463,resolved=200
34,rust,dns_lookup,12,200,4102.933784,resolved=200
34,c,dns_lookup,12,500,9944.986916,resolved=500
34,rust,dns_lookup,12,500,10434.769287,resolved=500
35,c,monte_carlo,12,1000000,1.080702,pi=3.14070800
35,rust,monte_carlo,12,1000000,1.743607,pi=3.14070800
35,c,monte_carlo,12,5000000,2.749288,pi=3.14226720
35,rust,monte_carlo,12,5000000,3.812329,pi=3.14226720
35,c,monte_carlo,12,10000000,5.293117,pi=3.14186360
35,rust,monte_carlo,12,10000000,6.726158,pi=3.14186360
35,c,matrix_mul,12,128,0.725994,checksum=514186.528380
35,rust,matrix_mul,12,128,0.915019,checksum=514186.528380
35,c,matrix_mul,12,256,2.010637,checksum=4112169.731693
35,rust,matrix_mul,12,256,2.367384,checksum=4112169.731693
35,c,matrix_mul,12,512,12.997416,checksum=32893310.321050
35,rust,matrix_mul,12,512,15.243438,checksum=32893310.321050
35,c,dns_lookup,12,50,1045.501344,resolved=50
35,rust,dns_lookup,12,50,1312.421203,resolved=50
35,c,dns_lookup,12,200,4182.651996,resolved=200
35,rust,dns_lookup,12,200,4333.734468,resolved=200
35,c,dns_lookup,12,500,9804.688263,resolved=500
35,rust,dns_lookup,12,500,9543.576890,resolved=500
36,c,monte_carlo,12,1000000,1.002483,pi=3.14070800
36,rust,monte_carlo,12,1000000,1.569915,pi=3.14070800
36,c,monte_carlo,12,5000000,4.341173,pi=3.14226720
36,rust,monte_carlo,12,5000000,4.928016,pi=3.14226720
36,c,monte_carlo,12,10000000,8.041764,pi=3.14186360
36,rust,monte_carlo,12,10000000,7.693827,pi=3.14186360
36,c,matrix_mul,12,128,0.852730,checksum=514186.528380
36,rust,matrix_mul,12,128,1.128632,checksum=514186.528380
36,c,matrix_mul,12,256,3.143274,checksum=4112169.731693
36,rust,matrix_mul,12,256,3.067571,checksum=4112169.731693
36,c,matrix_mul,12,512,20.199874,checksum=32893310.321050
36,rust,matrix_mul,12,512,17.089540,checksum=32893310.321050
36,c,dns_lookup,12,50,1305.401948,resolved=50
36,rust,dns_lookup,12,50,1395.626597,resolved=50
36,c,dns_lookup,12,200,4228.023774,resolved=200
36,rust,dns_lookup,12,200,4057.518351,resolved=200
36,c,dns_lookup,12,500,9657.813386,resolved=500
36,rust,dns_lookup,12,500,9875.866082,resolved=500
37,c,monte_carlo,12,1000000,0.952687,pi=3.14070800
37,rust,monte_carlo,12,1000000,1.558095,pi=3.14070800
37,c,monte_carlo,12,5000000,2.786633,pi=3.14226720
37,rust,monte_carlo,12,5000000,5.718131,pi=3.14226720
37,c,monte_carlo,12,10000000,8.481223,pi=3.14186360
37,rust,monte_carlo,12,10000000,6.994659,pi=3.14186360
37,c,matrix_mul,12,128,0.666162,checksum=514186.528380
37,rust,matrix_mul,12,128,0.997275,checksum=514186.528380
37,c,matrix_mul,12,256,2.877597,checksum=4112169.731693
37,rust,matrix_mul,12,256,2.414625,checksum=4112169.731693
37,c,matrix_mul,12,512,13.134680,checksum=32893310.321050
37,rust,matrix_mul,12,512,13.343711,checksum=32893310.321050
37,c,dns_lookup,12,50,1096.138131,resolved=50
37,rust,dns_lookup,12,50,1199.580509,resolved=50
37,c,dns_lookup,12,200,4725.090198,resolved=200
37,rust,dns_lookup,12,200,4073.820743,resolved=200
37,c,dns_lookup,12,500,10507.192309,resolved=500
37,rust,dns_lookup,12,500,9829.541323,resolved=500
38,c,monte_carlo,12,1000000,0.892106,pi=3.14070800
38,rust,monte_carlo,12,1000000,1.499648,pi=3.14070800
38,c,monte_carlo,12,5000000,2.902650,pi=3.14226720
38,rust,monte_carlo,12,5000000,3.527703,pi=3.14226720
38,c,monte_carlo,12,10000000,5.535056,pi=3.14186360
38,rust,monte_carlo,12,10000000,8.182089,pi=3.14186360
38,c,matrix_mul,12,128,0.700089,checksum=514186.528380
38,rust,matrix_mul,12,128,0.915260,checksum=514186.528380
38,c,matrix_mul,12,256,2.010781,checksum=4112169.731693
38,rust,matrix_mul,12,256,2.092790,checksum=4112169.731693
38,c,matrix_mul,12,512,13.140688,checksum=32893310.321050
38,rust,matrix_mul,12,512,13.355851,checksum=32893310.321050
38,c,dns_lookup,12,50,1573.836851,resolved=50
38,rust,dns_lookup,12,50,1188.273023,resolved=50
38,c,dns_lookup,12,200,3824.197521,resolved=200
38,rust,dns_lookup,12,200,3872.375061,resolved=200
38,c,dns_lookup,12,500,10494.232512,resolved=500
38,rust,dns_lookup,12,500,10176.111030,resolved=500
39,c,monte_carlo,12,1000000,0.953861,pi=3.14070800
39,rust,monte_carlo,12,1000000,1.176570,pi=3.14070800
39,c,monte_carlo,12,5000000,4.319761,pi=3.14226720
39,rust,monte_carlo,12,5000000,3.608240,pi=3.14226720
39,c,monte_carlo,12,10000000,5.106254,pi=3.14186360
39,rust,monte_carlo,12,10000000,6.948731,pi=3.14186360
39,c,matrix_mul,12,128,0.638987,checksum=514186.528380
39,rust,matrix_mul,12,128,0.783861,checksum=514186.528380
39,c,matrix_mul,12,256,2.027926,checksum=4112169.731693
39,rust,matrix_mul,12,256,3.263249,checksum=4112169.731693
39,c,matrix_mul,12,512,14.044295,checksum=32893310.321050
39,rust,matrix_mul,12,512,14.160324,checksum=32893310.321050
39,c,dns_lookup,12,50,1024.817891,resolved=50
39,rust,dns_lookup,12,50,1276.538315,resolved=50
39,c,dns_lookup,12,200,4308.110701,resolved=200
39,rust,dns_lookup,12,200,4638.916374,resolved=200
39,c,dns_lookup,12,500,11215.550835,resolved=500
39,rust,dns_lookup,12,500,10396.764205,resolved=500
40,c,monte_carlo,12,1000000,1.044118,pi=3.14070800
40,rust,monte_carlo,12,1000000,1.478291,pi=3.14070800
40,c,monte_carlo,12,5000000,4.358318,pi=3.14226720
40,rust,monte_carlo,12,5000000,5.758740,pi=3.14226720
40,c,monte_carlo,12,10000000,5.271202,pi=3.14186360
40,rust,monte_carlo,12,10000000,10.928721,pi=3.14186360
40,c,matrix_mul,12,128,0.758518,checksum=514186.528380
40,rust,matrix_mul,12,128,1.065336,checksum=514186.528380
40,c,matrix_mul,12,256,2.696650,checksum=4112169.731693
40,rust,matrix_mul,12,256,2.211705,checksum=4112169.731693
40,c,matrix_mul,12,512,13.773567,checksum=32893310.321050
40,rust,matrix_mul,12,512,13.947901,checksum=32893310.321050
40,c,dns_lookup,12,50,1173.820910,resolved=50
40,rust,dns_lookup,12,50,1509.809958,resolved=50
40,c,dns_lookup,12,200,4422.288327,resolved=200
40,rust,dns_lookup,12,200,4399.864148,resolved=200
40,c,dns_lookup,12,500,10205.760098,resolved=500
40,rust,dns_lookup,12,500,10833.403428,resolved=500
41,c,monte_carlo,12,1000000,0.924832,pi=3.14070800
41,rust,monte_carlo,12,1000000,1.229077,pi=3.14070800
41,c,monte_carlo,12,5000000,2.829257,pi=3.14226720
41,rust,monte_carlo,12,5000000,3.524528,pi=3.14226720
41,c,monte_carlo,12,10000000,5.088160,pi=3.14186360
41,rust,monte_carlo,12,10000000,6.977583,pi=3.14186360
41,c,matrix_mul,12,128,0.824287,checksum=514186.528380
41,rust,matrix_mul,12,128,1.009234,checksum=514186.528380
41,c,matrix_mul,12,256,1.955134,checksum=4112169.731693
41,rust,matrix_mul,12,256,2.036086,checksum=4112169.731693
41,c,matrix_mul,12,512,13.852059,checksum=32893310.321050
41,rust,matrix_mul,12,512,13.496701,checksum=32893310.321050
41,c,dns_lookup,12,50,1170.437936,resolved=50
41,rust,dns_lookup,12,50,1204.085182,resolved=50
41,c,dns_lookup,12,200,4193.424794,resolved=200
41,rust,dns_lookup,12,200,4245.152269,resolved=200
41,c,dns_lookup,12,500,9812.447214,resolved=500
41,rust,dns_lookup,12,500,9522.611659,resolved=500
42,c,monte_carlo,12,1000000,1.061074,pi=3.14070800
42,rust,monte_carlo,12,1000000,1.223167,pi=3.14070800
42,c,monte_carlo,12,5000000,2.723398,pi=3.14226720
42,rust,monte_carlo,12,5000000,3.753516,pi=3.14226720
42,c,monte_carlo,12,10000000,5.304308,pi=3.14186360
42,rust,monte_carlo,12,10000000,10.222022,pi=3.14186360
42,c,matrix_mul,12,128,0.696600,checksum=514186.528380
42,rust,matrix_mul,12,128,0.819285,checksum=514186.528380
42,c,matrix_mul,12,256,2.024985,checksum=4112169.731693
42,rust,matrix_mul,12,256,2.269165,checksum=4112169.731693
42,c,matrix_mul,12,512,13.802451,checksum=32893310.321050
42,rust,matrix_mul,12,512,13.309791,checksum=32893310.321050
42,c,dns_lookup,12,50,1367.429463,resolved=50
42,rust,dns_lookup,12,50,1378.257700,resolved=50
42,c,dns_lookup,12,200,4351.243550,resolved=200
42,rust,dns_lookup,12,200,4073.976245,resolved=200
42,c,dns_lookup,12,500,9400.157168,resolved=500
42,rust,dns_lookup,12,500,10347.636233,resolved=500
43,c,monte_carlo,12,1000000,0.938941,pi=3.14070800
43,rust,monte_carlo,12,1000000,1.094148,pi=3.14070800
43,c,monte_carlo,12,5000000,2.885631,pi=3.14226720
43,rust,monte_carlo,12,5000000,3.582001,pi=3.14226720
43,c,monte_carlo,12,10000000,5.508732,pi=3.14186360
43,rust,monte_carlo,12,10000000,7.058341,pi=3.14186360
43,c,matrix_mul,12,128,0.646542,checksum=514186.528380
43,rust,matrix_mul,12,128,0.597277,checksum=514186.528380
43,c,matrix_mul,12,256,1.984156,checksum=4112169.731693
43,rust,matrix_mul,12,256,2.101023,checksum=4112169.731693
43,c,matrix_mul,12,512,13.118581,checksum=32893310.321050
43,rust,matrix_mul,12,512,13.088038,checksum=32893310.321050
43,c,dns_lookup,12,50,1036.064752,resolved=50
43,rust,dns_lookup,12,50,1145.768331,resolved=50
43,c,dns_lookup,12,200,4455.652709,resolved=200
43,rust,dns_lookup,12,200,4887.396181,resolved=200
43,c,dns_lookup,12,500,9689.642190,resolved=500
43,rust,dns_lookup,12,500,9364.984551,resolved=500
44,c,monte_carlo,12,1000000,0.934441,pi=3.14070800
44,rust,monte_carlo,12,1000000,1.242403,pi=3.14070800
44,c,monte_carlo,12,5000000,2.978719,pi=3.14226720
44,rust,monte_carlo,12,5000000,3.642474,pi=3.14226720
44,c,monte_carlo,12,10000000,5.321551,pi=3.14186360
44,rust,monte_carlo,12,10000000,7.038090,pi=3.14186360
44,c,matrix_mul,12,128,0.705263,checksum=514186.528380
44,rust,matrix_mul,12,128,0.944718,checksum=514186.528380
44,c,matrix_mul,12,256,2.043189,checksum=4112169.731693
44,rust,matrix_mul,12,256,2.095038,checksum=4112169.731693
44,c,matrix_mul,12,512,12.807922,checksum=32893310.321050
44,rust,matrix_mul,12,512,13.579673,checksum=32893310.321050
44,c,dns_lookup,12,50,1083.711333,resolved=50
44,rust,dns_lookup,12,50,1354.694574,resolved=50
44,c,dns_lookup,12,200,4202.671030,resolved=200
44,rust,dns_lookup,12,200,4355.767628,resolved=200
44,c,dns_lookup,12,500,9221.240571,resolved=500
44,rust,dns_lookup,12,500,9117.967757,resolved=500
45,c,monte_carlo,12,1000000,0.953948,pi=3.14070800
45,rust,monte_carlo,12,1000000,1.316733,pi=3.14070800
45,c,monte_carlo,12,5000000,2.769849,pi=3.14226720
45,rust,monte_carlo,12,5000000,3.789090,pi=3.14226720
45,c,monte_carlo,12,10000000,5.217921,pi=3.14186360
45,rust,monte_carlo,12,10000000,6.780301,pi=3.14186360
45,c,matrix_mul,12,128,0.682929,checksum=514186.528380
45,rust,matrix_mul,12,128,0.639355,checksum=514186.528380
45,c,matrix_mul,12,256,2.255366,checksum=4112169.731693
45,rust,matrix_mul,12,256,2.226631,checksum=4112169.731693
45,c,matrix_mul,12,512,13.153514,checksum=32893310.321050
45,rust,matrix_mul,12,512,14.964308,checksum=32893310.321050
45,c,dns_lookup,12,50,1357.350211,resolved=50
45,rust,dns_lookup,12,50,1325.310969,resolved=50
45,c,dns_lookup,12,200,3978.726938,resolved=200
45,rust,dns_lookup,12,200,4398.988415,resolved=200
45,c,dns_lookup,12,500,10409.358147,resolved=500
45,rust,dns_lookup,12,500,9999.185191,resolved=500
46,c,monte_carlo,12,1000000,0.956787,pi=3.14070800
46,rust,monte_carlo,12,1000000,1.233178,pi=3.14070800
46,c,monte_carlo,12,5000000,2.769172,pi=3.14226720
46,rust,monte_carlo,12,5000000,3.701039,pi=3.14226720
46,c,monte_carlo,12,10000000,5.052527,pi=3.14186360
46,rust,monte_carlo,12,10000000,6.988642,pi=3.14186360
46,c,matrix_mul,12,128,0.718664,checksum=514186.528380
46,rust,matrix_mul,12,128,0.869459,checksum=514186.528380
46,c,matrix_mul,12,256,1.952613,checksum=4112169.731693
46,rust,matrix_mul,12,256,2.082326,checksum=4112169.731693
46,c,matrix_mul,12,512,13.068063,checksum=32893310.321050
46,rust,matrix_mul,12,512,13.296561,checksum=32893310.321050
46,c,dns_lookup,12,50,1314.712557,resolved=50
46,rust,dns_lookup,12,50,1148.747359,resolved=50
46,c,dns_lookup,12,200,4140.221867,resolved=200
46,rust,dns_lookup,12,200,4393.532407,resolved=200
46,c,dns_lookup,12,500,10041.687233,resolved=500
46,rust,dns_lookup,12,500,9563.296045,resolved=500
47,c,monte_carlo,12,1000000,0.912897,pi=3.14070800
47,rust,monte_carlo,12,1000000,1.144968,pi=3.14070800
47,c,monte_carlo,12,5000000,2.820362,pi=3.14226720
47,rust,monte_carlo,12,5000000,3.640790,pi=3.14226720
47,c,monte_carlo,12,10000000,6.104572,pi=3.14186360
47,rust,monte_carlo,12,10000000,6.958496,pi=3.14186360
47,c,matrix_mul,12,128,0.785652,checksum=514186.528380
47,rust,matrix_mul,12,128,0.879034,checksum=514186.528380
47,c,matrix_mul,12,256,1.958509,checksum=4112169.731693
47,rust,matrix_mul,12,256,2.285057,checksum=4112169.731693
47,c,matrix_mul,12,512,13.215253,checksum=32893310.321050
47,rust,matrix_mul,12,512,13.732103,checksum=32893310.321050
47,c,dns_lookup,12,50,1659.648368,resolved=50
47,rust,dns_lookup,12,50,1382.223455,resolved=50
47,c,dns_lookup,12,200,4331.976003,resolved=200
47,rust,dns_lookup,12,200,4033.781377,resolved=200
47,c,dns_lookup,12,500,9447.145429,resolved=500
47,rust,dns_lookup,12,500,10123.317153,resolved=500
48,c,monte_carlo,12,1000000,1.053790,pi=3.14070800
48,rust,monte_carlo,12,1000000,1.494878,pi=3.14070800
48,c,monte_carlo,12,5000000,2.827894,pi=3.14226720
48,rust,monte_carlo,12,5000000,3.813192,pi=3.14226720
48,c,monte_carlo,12,10000000,5.306625,pi=3.14186360
48,rust,monte_carlo,12,10000000,6.872472,pi=3.14186360
48,c,matrix_mul,12,128,0.676264,checksum=514186.528380
48,rust,matrix_mul,12,128,0.869121,checksum=514186.528380
48,c,matrix_mul,12,256,2.044161,checksum=4112169.731693
48,rust,matrix_mul,12,256,2.047707,checksum=4112169.731693
48,c,matrix_mul,12,512,13.610192,checksum=32893310.321050
48,rust,matrix_mul,12,512,16.328423,checksum=32893310.321050
48,c,dns_lookup,12,50,1396.008416,resolved=50
48,rust,dns_lookup,12,50,1262.664312,resolved=50
48,c,dns_lookup,12,200,4297.168655,resolved=200
48,rust,dns_lookup,12,200,5068.385353,resolved=200
48,c,dns_lookup,12,500,9485.302860,resolved=500
48,rust,dns_lookup,12,500,9630.144424,resolved=500
49,c,monte_carlo,12,1000000,1.099876,pi=3.14070800
49,rust,monte_carlo,12,1000000,1.168406,pi=3.14070800
49,c,monte_carlo,12,5000000,2.737134,pi=3.14226720
49,rust,monte_carlo,12,5000000,3.838490,pi=3.14226720
49,c,monte_carlo,12,10000000,7.041856,pi=3.14186360
49,rust,monte_carlo,12,10000000,7.170568,pi=3.14186360
49,c,matrix_mul,12,128,0.691942,checksum=514186.528380
49,rust,matrix_mul,12,128,1.070330,checksum=514186.528380
49,c,matrix_mul,12,256,1.992330,checksum=4112169.731693
49,rust,matrix_mul,12,256,2.021208,checksum=4112169.731693
49,c,matrix_mul,12,512,16.275773,checksum=32893310.321050
49,rust,matrix_mul,12,512,13.151145,checksum=32893310.321050
49,c,dns_lookup,12,50,1479.931372,resolved=50
49,rust,dns_lookup,12,50,1194.348977,resolved=50
49,c,dns_lookup,12,200,4024.942733,resolved=200
49,rust,dns_lookup,12,200,4325.140221,resolved=200
49,c,dns_lookup,12,500,10623.632538,resolved=500
49,rust,dns_lookup,12,500,9820.114626,resolved=500
50,c,monte_carlo,12,1000000,0.991814,pi=3.14070800
50,rust,monte_carlo,12,1000000,1.734780,pi=3.14070800
50,c,monte_carlo,12,5000000,2.751684,pi=3.14226720
50,rust,monte_carlo,12,5000000,4.053764,pi=3.14226720
50,c,monte_carlo,12,10000000,5.104410,pi=3.14186360
50,rust,monte_carlo,12,10000000,6.992822,pi=3.14186360
50,c,matrix_mul,12,128,0.773121,checksum=514186.528380
50,rust,matrix_mul,12,128,0.847826,checksum=514186.528380
50,c,matrix_mul,12,256,1.969113,checksum=4112169.731693
50,rust,matrix_mul,12,256,2.250978,checksum=4112169.731693
50,c,matrix_mul,12,512,13.180247,checksum=32893310.321050
50,rust,matrix_mul,12,512,13.615913,checksum=32893310.321050
50,c,dns_lookup,12,50,1169.800642,resolved=50
50,rust,dns_lookup,12,50,1342.810430,resolved=50
50,c,dns_lookup,12,200,4435.672791,resolved=200
50,rust,dns_lookup,12,200,4000.369329,resolved=200
50,c,dns_lookup,12,500,10481.860010,resolved=500
50,rust,dns_lookup,12,500,9929.394930,resolved=500
